{"loss": 0.11196298897266388, "_runtime": 38, "_timestamp": 1641807487, "_step": 59, "training_loss": 0.10930356467142702, "test_loss": 0.5145449681749826, "accuracy": 0.8579905033111572, "gradients/out.bias": {"_type": "histogram", "values": [1.0, 1.0, 0.0, 0.0, 0.0, 0.0, 0.0, 0.0, 0.0, 0.0, 0.0, 0.0, 0.0, 0.0, 0.0, 0.0, 0.0, 0.0, 0.0, 0.0, 1.0, 0.0, 0.0, 0.0, 0.0, 0.0, 0.0, 0.0, 0.0, 0.0, 0.0, 0.0, 0.0, 0.0, 0.0, 0.0, 1.0, 0.0, 1.0, 0.0, 0.0, 0.0, 0.0, 0.0, 0.0, 1.0, 0.0, 0.0, 0.0, 1.0, 0.0, 0.0, 0.0, 0.0, 2.0, 0.0, 0.0, 0.0, 0.0, 0.0, 0.0, 0.0, 0.0, 1.0], "bins": [-0.013283733278512955, -0.012920408509671688, -0.012557082809507847, -0.01219375804066658, -0.011830432340502739, -0.011467107571661472, -0.011103781871497631, -0.010740457102656364, -0.010377131402492523, -0.010013806633651257, -0.009650480933487415, -0.009287156164646149, -0.008923830464482307, -0.00856050569564104, -0.0081971799954772, -0.007833855226635933, -0.007470529992133379, -0.007107204757630825, -0.006743879523128271, -0.006380554288625717, -0.006017229054123163, -0.005653903819620609, -0.005290579050779343, -0.004927253350615501, -0.004563928581774235, -0.004200603347271681, -0.003837278112769127, -0.003473952878266573, -0.003110627643764019, -0.002747302409261465, -0.002383977407589555, -0.002020652173087001, -0.0016573267057538033, -0.0012940014712512493, -0.0009306762949563563, -0.0005673511186614633, -0.00020402588415890932, 0.00015929935034364462, 0.0005226244684308767, 0.0008859497029334307, 0.0012492751702666283, 0.0016126004047691822, 0.001975925639271736, 0.00233925087377429, 0.002702576108276844, 0.003065901342779398, 0.0034292263444513083, 0.003792551578953862, 0.0041558765806257725, 0.004519201815128326, 0.00488252704963088, 0.005245852284133434, 0.005609177518635988, 0.005972502753138542, 0.006335827521979809, 0.00669915322214365, 0.007062477990984917, 0.007425803225487471, 0.007789128459990025, 0.008152453228831291, 0.008515778928995132, 0.008879103697836399, 0.00924242939800024, 0.009605754166841507, 0.009969079867005348]}, "gradients/out.weight": {"_type": "histogram", "values": [1.0, 0.0, 0.0, 1.0, 1.0, 0.0, 1.0, 0.0, 1.0, 0.0, 2.0, 3.0, 3.0, 1.0, 1.0, 4.0, 6.0, 3.0, 2.0, 3.0, 6.0, 4.0, 8.0, 6.0, 7.0, 8.0, 14.0, 15.0, 26.0, 29.0, 43.0, 56.0, 99.0, 14558.0, 420.0, 114.0, 62.0, 38.0, 29.0, 12.0, 27.0, 6.0, 14.0, 11.0, 6.0, 1.0, 7.0, 1.0, 3.0, 4.0, 3.0, 0.0, 1.0, 3.0, 1.0, 1.0, 0.0, 0.0, 0.0, 0.0, 3.0, 0.0, 0.0, 1.0], "bins": [-0.05713287740945816, -0.0554412305355072, -0.053749583661556244, -0.05205793306231499, -0.05036628618836403, -0.04867463931441307, -0.046982988715171814, -0.045291341841220856, -0.0435996949672699, -0.04190804809331894, -0.04021640121936798, -0.038524750620126724, -0.036833103746175766, -0.03514145687222481, -0.03344980627298355, -0.03175815939903259, -0.030066512525081635, -0.028374865651130676, -0.02668321691453457, -0.02499156817793846, -0.023299921303987503, -0.021608274430036545, -0.019916625693440437, -0.01822497695684433, -0.01653333008289337, -0.014841682277619839, -0.013150034472346306, -0.011458386667072773, -0.00976673886179924, -0.008075091056525707, -0.006383443251252174, -0.0046917954459786415, -0.00300014391541481, -0.0013084961101412773, 0.00038315169513225555, 0.0020747995004057884, 0.0037664473056793213, 0.005458095110952854, 0.007149742916226387, 0.00884139072149992, 0.010533038526773453, 0.012224686332046986, 0.013916334137320518, 0.015607981942594051, 0.017299629747867584, 0.018991276621818542, 0.02068292535841465, 0.022374574095010757, 0.024066220968961716, 0.025757867842912674, 0.02744951657950878, 0.02914116531610489, 0.030832812190055847, 0.032524459064006805, 0.034216105937957764, 0.03590775653719902, 0.03759940341114998, 0.03929105028510094, 0.040982700884342194, 0.04267434775829315, 0.04436599463224411, 0.04605764150619507, 0.04774928838014603, 0.04944093897938728, 0.05113258585333824]}, "gradients/conv2.0.weight": {"_type": "histogram", "values": [1.0, 0.0, 1.0, 0.0, 0.0, 0.0, 1.0, 4.0, 1.0, 3.0, 5.0, 6.0, 5.0, 10.0, 5.0, 11.0, 13.0, 13.0, 21.0, 27.0, 58.0, 93.0, 124.0, 235.0, 10830.0, 791.0, 195.0, 98.0, 69.0, 43.0, 26.0, 21.0, 14.0, 16.0, 10.0, 6.0, 8.0, 2.0, 10.0, 3.0, 1.0, 5.0, 2.0, 2.0, 1.0, 1.0, 0.0, 2.0, 4.0, 1.0, 0.0, 0.0, 0.0, 0.0, 0.0, 0.0, 0.0, 0.0, 0.0, 0.0, 1.0, 0.0, 0.0, 1.0], "bins": [-0.031895093619823456, -0.030619101598858833, -0.02934310957789421, -0.02806711755692959, -0.026791125535964966, -0.025515135377645493, -0.02423914335668087, -0.022963151335716248, -0.021687159314751625, -0.020411167293787003, -0.01913517527282238, -0.017859183251857758, -0.016583193093538284, -0.015307200141251087, -0.01403120905160904, -0.012755217030644417, -0.011479225009679794, -0.010203232988715172, -0.00892724096775055, -0.0076512498781085014, -0.006375257857143879, -0.0050992658361792564, -0.0038232742808759212, -0.002547282725572586, -0.0012712907046079636, 4.701083526015282e-06, 0.0012806928716599941, 0.002556684659793973, 0.003832676447927952, 0.005108668468892574, 0.0063846600241959095, 0.007660651579499245, 0.008936647325754166, 0.010212639346718788, 0.01148863136768341, 0.012764622457325459, 0.014040614478290081, 0.015316606499254704, 0.01659259758889675, 0.017868589609861374, 0.019144581630825996, 0.02042057365179062, 0.02169656567275524, 0.022972557693719864, 0.024248547852039337, 0.02552454173564911, 0.026800531893968582, 0.028076523914933205, 0.029352515935897827, 0.03062850795686245, 0.03190449997782707, 0.033180490136146545, 0.03445648401975632, 0.03573247417807579, 0.03700846806168556, 0.038284458220005035, 0.03956045210361481, 0.04083644226193428, 0.04211243614554405, 0.043388426303863525, 0.0446644201874733, 0.04594041034579277, 0.04721640422940254, 0.048492394387722015, 0.04976838454604149]}, "gradients/conv2.0.bias": {"_type": "histogram", "values": [1.0, 0.0, 0.0, 0.0, 0.0, 0.0, 2.0, 0.0, 0.0, 0.0, 0.0, 0.0, 0.0, 0.0, 0.0, 0.0, 0.0, 0.0, 0.0, 0.0, 1.0, 0.0, 0.0, 0.0, 0.0, 23.0, 0.0, 0.0, 0.0, 0.0, 0.0, 0.0, 0.0, 0.0, 0.0, 0.0, 1.0, 1.0, 0.0, 0.0, 0.0, 0.0, 0.0, 0.0, 0.0, 1.0, 0.0, 1.0, 0.0, 0.0, 0.0, 0.0, 0.0, 0.0, 0.0, 0.0, 0.0, 0.0, 0.0, 0.0, 0.0, 0.0, 0.0, 1.0], "bins": [-0.022681672126054764, -0.02179553359746933, -0.020909395068883896, -0.020023256540298462, -0.019137118011713028, -0.018250979483127594, -0.01736484095454216, -0.016478704288601875, -0.015592565760016441, -0.014706427231431007, -0.013820288702845573, -0.01293415017426014, -0.01204801257699728, -0.011161874048411846, -0.010275735519826412, -0.009389597922563553, -0.008503458462655544, -0.00761731993407011, -0.006731181871145964, -0.00584504334256053, -0.004958905279636383, -0.004072766751050949, -0.003186628222465515, -0.0023004901595413685, -0.0014143511652946472, -0.000528212811332196, 0.0003579255426302552, 0.0012440639548003674, 0.0021302022505551577, 0.003016340546309948, 0.003902479074895382, 0.004788617137819529, 0.005674755200743675, 0.006560893729329109, 0.007447031792253256, 0.008333170786499977, 0.009219308383762836, 0.01010544691234827, 0.010991585440933704, 0.011877723038196564, 0.012763861566781998, 0.013650000095367432, 0.014536138623952866, 0.0154222771525383, 0.016308415681123734, 0.017194554209709167, 0.0180806927382946, 0.018966829404234886, 0.01985296979546547, 0.020739108324050903, 0.021625246852636337, 0.02251138538122177, 0.023397523909807205, 0.02428366243839264, 0.025169800966978073, 0.026055937632918358, 0.026942076161503792, 0.027828214690089226, 0.02871435321867466, 0.029600491747260094, 0.030486630275845528, 0.03137276694178581, 0.032258905470371246, 0.03314504399895668, 0.034031182527542114]}, "gradients/conv1.0.weight": {"_type": "histogram", "values": [1.0, 0.0, 1.0, 1.0, 3.0, 0.0, 1.0, 1.0, 0.0, 1.0, 0.0, 1.0, 0.0, 5.0, 1.0, 4.0, 4.0, 1.0, 4.0, 2.0, 8.0, 6.0, 2.0, 10.0, 9.0, 12.0, 17.0, 8.0, 7.0, 14.0, 13.0, 16.0, 28.0, 89.0, 33.0, 11.0, 13.0, 7.0, 3.0, 3.0, 8.0, 4.0, 6.0, 6.0, 4.0, 5.0, 2.0, 4.0, 1.0, 2.0, 2.0, 2.0, 1.0, 0.0, 0.0, 2.0, 2.0, 1.0, 3.0, 1.0, 1.0, 0.0, 2.0, 1.0],