{"loss": 0.10932623594999313, "_runtime": 56, "_timestamp": 1641463590, "_step": 59, "training_loss": 0.10121139073744416, "test_loss": 0.44543894993353494, "accuracy": 0.8783623576164246, "gradients/out.bias": {"_type": "histogram", "values": [1.0, 0.0, 0.0, 0.0, 0.0, 0.0, 0.0, 0.0, 0.0, 0.0, 0.0, 0.0, 0.0, 0.0, 0.0, 0.0, 0.0, 0.0, 1.0, 0.0, 0.0, 0.0, 0.0, 0.0, 0.0, 0.0, 0.0, 0.0, 0.0, 0.0, 0.0, 0.0, 1.0, 0.0, 0.0, 0.0, 0.0, 1.0, 2.0, 0.0, 1.0, 0.0, 0.0, 1.0, 0.0, 0.0, 0.0, 0.0, 0.0, 0.0, 0.0, 0.0, 0.0, 0.0, 0.0, 0.0, 0.0, 0.0, 0.0, 1.0, 0.0, 0.0, 0.0, 1.0], "bins": [-0.0252421535551548, -0.024565227329730988, -0.023888301104307175, -0.023211374878883362, -0.022534450516104698, -0.021857524290680885, -0.021180598065257072, -0.02050367183983326, -0.019826747477054596, -0.019149821251630783, -0.01847289502620697, -0.017795968800783157, -0.017119044438004494, -0.01644211821258068, -0.015765191987156868, -0.015088265761733055, -0.014411339536309242, -0.01373441331088543, -0.013057488016784191, -0.012380561791360378, -0.01170363649725914, -0.011026710271835327, -0.010349784046411514, -0.009672857820987701, -0.008995931595563889, -0.008319005370140076, -0.007642080076038837, -0.006965153850615025, -0.006288228090852499, -0.0056113023310899734, -0.004934376105666161, -0.004257450345903635, -0.003580523654818535, -0.0029035978950560093, -0.00222667190246284, -0.0015497459098696709, -0.0008728201501071453, -0.00019589439034461975, 0.0004810318350791931, 0.0011579575948417187, 0.0018348824232816696, 0.002511808183044195, 0.0031887341756373644, 0.0038656601682305336, 0.004542585927993059, 0.005219511687755585, 0.005896437913179398, 0.006573363672941923, 0.007250290364027023, 0.007927216589450836, 0.008604141883552074, 0.009281068108975887, 0.009957993403077126, 0.010634919628500938, 0.011311845853924751, 0.011988772079348564, 0.012665697373449802, 0.013342623598873615, 0.014019548892974854, 0.014696475118398666, 0.01537340134382248, 0.016050327569246292, 0.016727253794670105, 0.01740417815744877, 0.01808110438287258]}, "gradients/out.weight": {"_type": "histogram", "values": [1.0, 0.0, 0.0, 0.0, 1.0, 1.0, 1.0, 3.0, 0.0, 0.0, 3.0, 2.0, 3.0, 1.0, 2.0, 5.0, 4.0, 8.0, 6.0, 11.0, 7.0, 4.0, 6.0, 15.0, 7.0, 8.0, 15.0, 10.0, 16.0, 19.0, 25.0, 34.0, 42.0, 65.0, 131.0, 14536.0, 281.0, 108.0, 60.0, 47.0, 35.0, 27.0, 17.0, 15.0, 18.0, 10.0, 6.0, 9.0, 10.0, 7.0, 8.0, 3.0, 10.0, 1.0, 2.0, 3.0, 2.0, 3.0, 2.0, 1.0, 1.0, 1.0, 0.0, 1.0], "bins": [-0.08641497045755386, -0.08398665487766266, -0.08155834674835205, -0.07913003116846085, -0.07670171558856964, -0.07427340000867844, -0.07184508442878723, -0.06941677629947662, -0.06698846071958542, -0.06456014513969421, -0.06213183328509331, -0.0597035214304924, -0.057275205850601196, -0.05484689027070999, -0.052418578416109085, -0.04999026656150818, -0.047561950981616974, -0.04513363540172577, -0.04270532354712486, -0.040277011692523956, -0.03784869611263275, -0.03542038053274155, -0.03299206867814064, -0.030563754960894585, -0.02813544124364853, -0.025707127526402473, -0.023278813809156418, -0.020850500091910362, -0.018422186374664307, -0.01599387265741825, -0.013565558940172195, -0.01113724522292614, -0.008708931505680084, -0.006280617788434029, -0.003852304071187973, -0.0014239903539419174, 0.0010043233633041382, 0.003432637080550194, 0.005860950797796249, 0.008289264515042305, 0.01071757823228836, 0.013145891949534416, 0.015574205666780472, 0.018002519384026527, 0.020430833101272583, 0.02285914681851864, 0.025287460535764694, 0.02771577425301075, 0.030144087970256805, 0.03257240355014801, 0.03500071540474892, 0.03742902725934982, 0.03985734283924103, 0.04228565841913223, 0.04471397027373314, 0.047142282128334045, 0.04957059770822525, 0.051998913288116455, 0.05442722514271736, 0.05685553699731827, 0.05928385257720947, 0.06171216815710068, 0.06414048373699188, 0.06656879186630249, 0.0689971074461937]}, "gradients/conv2.0.weight": {"_type": "histogram", "values": [2.0, 1.0, 0.0, 0.0, 2.0, 2.0, 2.0, 1.0, 5.0, 1.0, 4.0, 1.0, 8.0, 5.0, 7.0, 8.0, 16.0, 10.0, 12.0, 11.0, 12.0, 16.0, 22.0, 31.0, 31.0, 43.0, 45.0, 52.0, 52.0, 78.0, 83.0, 111.0, 129.0, 161.0, 193.0, 306.0, 9885.0, 419.0, 247.0, 180.0, 130.0, 98.0, 73.0, 60.0, 46.0, 39.0, 37.0, 23.0, 20.0, 17.0, 7.0, 17.0, 6.0, 6.0, 6.0, 9.0, 1.0, 1.0, 1.0, 3.0, 3.0, 0.0, 1.0, 2.0], "bins": [-0.026074670255184174, -0.025365421548485756, -0.024656172841787338, -0.02394692413508892, -0.023237675428390503, -0.022528426721692085, -0.021819178014993668, -0.0211099274456501, -0.020400680601596832, -0.019691431894898415, -0.018982183188199997, -0.01827293448150158, -0.01756368577480316, -0.016854437068104744, -0.016145188361406326, -0.015435938723385334, -0.014726689085364342, -0.014017440378665924, -0.013308191671967506, -0.012598942965269089, -0.011889694258570671, -0.011180445551872253, -0.010471195913851261, -0.009761947207152843, -0.009052697569131851, -0.008343448862433434, -0.007634200155735016, -0.006924950983375311, -0.006215702276676893, -0.005506453569978476, -0.004797204397618771, -0.004087955690920353, -0.0033787060528993607, -0.002669457346200943, -0.0019602084066718817, -0.0012509594671428204, -0.0005417107604444027, 0.00016753794625401497, 0.0008767871186137199, 0.0015860358253121376, 0.0022952836006879807, 0.0030045323073863983, 0.0037137812469154596, 0.004423030186444521, 0.005132278893142939, 0.005841527599841356, 0.006550776772201061, 0.007260025478899479, 0.007969275116920471, 0.008678523823618889, 0.009387772530317307, 0.010097021237015724, 0.010806269943714142, 0.01151551865041256, 0.012224768288433552, 0.01293401699513197, 0.013643265701830387, 0.014352514408528805, 0.015061763115227222, 0.015771012753248215, 0.016480261459946632, 0.01718951016664505, 0.017898758873343468, 0.018608007580041885, 0.019317256286740303]}, "gradients/conv2.0.bias": {"_type": "histogram", "values": [1.0, 0.0, 0.0, 0.0, 0.0, 0.0, 0.0, 0.0, 0.0, 0.0, 0.0, 0.0, 0.0, 1.0, 0.0, 1.0, 0.0, 0.0, 0.0, 0.0, 0.0, 0.0, 0.0, 0.0, 0.0, 1.0, 0.0, 1.0, 23.0, 1.0, 0.0, 0.0, 0.0, 0.0, 0.0, 0.0, 0.0, 0.0, 0.0, 0.0, 0.0, 0.0, 0.0, 1.0, 0.0, 1.0, 0.0, 0.0, 0.0, 0.0, 0.0, 0.0, 0.0, 0.0, 0.0, 0.0, 0.0, 0.0, 0.0, 0.0, 0.0, 0.0, 0.0, 1.0], "bins": [-0.03310978040099144, -0.03196718916296959, -0.03082459792494774, -0.029682006686925888, -0.028539415448904037, -0.027396824210882187, -0.026254234835505486, -0.025111643597483635, -0.023969052359461784, -0.022826461121439934, -0.021683869883418083, -0.020541278645396233, -0.01939868927001953, -0.01825609803199768, -0.01711350679397583, -0.01597091555595398, -0.014828324317932129, -0.013685733079910278, -0.012543141841888428, -0.011400551535189152, -0.010257960297167301, -0.00911536905914545, -0.007972778752446175, -0.006830187514424324, -0.0056875962764024734, -0.004545005038380623, -0.0034024142660200596, -0.0022598232608288527, -0.0011172322556376457, 2.5358982384204865e-05, 0.0011679497547447681, 0.0023105405271053314, 0.003453131765127182, 0.004595723003149033, 0.005738313775509596, 0.006880904547870159, 0.00802349578589201, 0.00916608702391386, 0.010308677330613136, 0.011451268568634987, 0.012593859806656837, 0.013736451044678688, 0.014879042282700539, 0.01602163352072239, 0.01716422289609909, 0.01830681413412094, 0.019449405372142792, 0.020591996610164642, 0.021734587848186493, 0.022877179086208344, 0.024019770324230194, 0.025162361562252045, 0.026304952800273895, 0.027447544038295746, 0.028590133413672447, 0.029732724651694298, 0.03087531588971615, 0.03201790526509285, 0.0331604965031147, 0.03430308774113655, 0.0354456789791584, 0.03658827021718025, 0.0377308614552021, 0.03887345269322395, 0.040016043931245804]}, "gradients/conv1.0.weight": {"_type": "histogram",