{"loss": 0.0036601857282221317, "_runtime": 56, "_timestamp": 1641463071, "_step": 44, "test_loss": 34.47898718714714, "accuracy": 70.546875, "gradients/out.bias": {"_type": "histogram", "values": [1.0, 0.0, 0.0, 0.0, 0.0, 0.0, 0.0, 0.0, 0.0, 0.0, 0.0, 0.0, 0.0, 0.0, 0.0, 0.0, 1.0, 0.0, 0.0, 0.0, 0.0, 0.0, 0.0, 0.0, 0.0, 0.0, 0.0, 0.0, 1.0, 1.0, 0.0, 0.0, 0.0, 0.0, 2.0, 1.0, 0.0, 0.0, 0.0, 0.0, 0.0, 0.0, 0.0, 1.0, 0.0, 0.0, 0.0, 0.0, 0.0, 0.0, 0.0, 0.0, 0.0, 0.0, 0.0, 0.0, 0.0, 0.0, 0.0, 0.0, 1.0, 0.0, 0.0, 1.0], "bins": [-0.0010711041977629066, -0.0010403108317404985, -0.0010095174657180905, -0.0009787240996956825, -0.0009479307336732745, -0.0009171373676508665, -0.0008863440016284585, -0.0008555506356060505, -0.0008247572695836425, -0.0007939639035612345, -0.0007631705375388265, -0.0007323771715164185, -0.0007015838054940104, -0.0006707904394716024, -0.0006399970734491944, -0.0006092037074267864, -0.0005784102831967175, -0.0005476169171743095, -0.0005168235511519015, -0.0004860301851294935, -0.00045523681910708547, -0.00042444345308467746, -0.000393650057958439, -0.000362856691936031, -0.0003320632968097925, -0.0003012699307873845, -0.0002704765647649765, -0.00023968318419065326, -0.00020888981816824526, -0.00017809645214583725, -0.000147303071571514, -0.000116509705549106, -8.571642683818936e-05, -5.492305717780255e-05, -2.4129687517415732e-05, 6.663685780949891e-06, 3.74570518033579e-05, 6.825041782576591e-05, 9.904379840008914e-05, 0.00012983716442249715, 0.0001606305013410747, 0.00019142386736348271, 0.00022221723338589072, 0.00025301059940829873, 0.00028380396543070674, 0.00031459733145311475, 0.0003453907265793532, 0.0003761840926017612, 0.0004069774877279997, 0.0004377708537504077, 0.0004685642197728157, 0.0004993575857952237, 0.0005301509518176317, 0.0005609443178400397, 0.0005917376838624477, 0.0006225310498848557, 0.0006533244159072638, 0.0006841177819296718, 0.0007149111479520798, 0.0007457045139744878, 0.0007764978799968958, 0.0008072912460193038, 0.0008380846120417118, 0.0008688779780641198, 0.0008996714022941887]}, "gradients/out.weight": {"_type": "histogram", "values": [1.0, 0.0, 0.0, 0.0, 2.0, 0.0, 1.0, 0.0, 0.0, 1.0, 0.0, 0.0, 1.0, 1.0, 1.0, 1.0, 0.0, 2.0, 0.0, 7.0, 7.0, 3.0, 4.0, 6.0, 7.0, 7.0, 10.0, 12.0, 16.0, 17.0, 27.0, 36.0, 45.0, 77.0, 14881.0, 230.0, 71.0, 45.0, 38.0, 23.0, 17.0, 17.0, 10.0, 13.0, 4.0, 8.0, 3.0, 10.0, 3.0, 4.0, 2.0, 1.0, 0.0, 0.0, 2.0, 0.0, 2.0, 0.0, 0.0, 1.0, 0.0, 1.0, 1.0, 1.0], "bins": [-0.0048433816991746426, -0.004704265855252743, -0.004565149545669556, -0.004426033701747656, -0.004286917857825756, -0.004147801548242569, -0.004008685704320669, -0.0038695698603987694, -0.003730453783646226, -0.0035913377068936825, -0.0034522218629717827, -0.0033131057862192392, -0.003173989709466696, -0.003034873865544796, -0.0028957577887922525, -0.002756641712039709, -0.0026175258681178093, -0.002478409791365266, -0.002339293947443366, -0.0022001778706908226, -0.002061062026768923, -0.0019219459500163794, -0.001782829873263836, -0.0016437139129266143, -0.0015045979525893927, -0.001365481992252171, -0.0012263660319149494, -0.001087249955162406, -0.0009481339948251843, -0.0008090180344879627, -0.0006699020159430802, -0.0005307859973981977, -0.00039167003706097603, -0.00025255404761992395, -0.00011343805817887187, 2.567793126218021e-05, 0.0001647939207032323, 0.0003039098810404539, 0.00044302589958533645, 0.000582141918130219, 0.0007212578784674406, 0.0008603738388046622, 0.0009994897991418839, 0.0011386058758944273, 0.001277721836231649, 0.0014168377965688705, 0.001555953873321414, 0.0016950698336586356, 0.0018341857939958572, 0.0019733018707484007, 0.0021124177146703005, 0.002251533791422844, 0.0023906496353447437, 0.002529765712097287, 0.0026688817888498306, 0.0028079976327717304, 0.002947113709524274, 0.0030862297862768173, 0.003225345630198717, 0.0033644617069512606, 0.003503577783703804, 0.003642693627625704, 0.0037818097043782473, 0.003920925781130791, 0.0040600416250526905]}, "gradients/conv2.0.weight": {"_type": "histogram", "values": [1.0, 0.0, 0.0, 0.0, 1.0, 0.0, 1.0, 0.0, 1.0, 0.0, 1.0, 0.0, 1.0, 1.0, 3.0, 3.0, 3.0, 3.0, 3.0, 4.0, 11.0, 6.0, 6.0, 8.0, 5.0, 5.0, 3.0, 13.0, 17.0, 18.0, 15.0, 31.0, 32.0, 51.0, 64.0, 109.0, 164.0, 11677.0, 284.0, 89.0, 41.0, 27.0, 19.0, 23.0, 18.0, 8.0, 4.0, 2.0, 3.0, 4.0, 2.0, 3.0, 3.0, 1.0, 0.0, 2.0, 2.0, 2.0, 0.0, 0.0, 0.0, 1.0, 0.0, 1.0], "bins": [-0.0050841742195189, -0.0049502188339829445, -0.004816263448446989, -0.004682308062911034, -0.004548352677375078, -0.004414397291839123, -0.004280441906303167, -0.004146486520767212, -0.004012531600892544, -0.0038785762153565884, -0.003744620829820633, -0.0036106654442846775, -0.003476710058748722, -0.0033427546732127666, -0.003208799520507455, -0.0030748441349714994, -0.0029408885166049004, -0.002806933131068945, -0.0026729777455329895, -0.002539022359997034, -0.0024050669744610786, -0.002271111588925123, -0.0021371564362198114, -0.002003201050683856, -0.0018692456651479006, -0.0017352902796119452, -0.0016013348940759897, -0.0014673796249553561, -0.0013334242394194007, -0.0011994688538834453, -0.0010655135847628117, -0.0009315581992268562, -0.0007976023480296135, -0.0006636469624936581, -0.0005296916351653636, -0.0003957362787332386, -0.0002617809223011136, -0.00012782553676515818, 6.129790563136339e-06, 0.00014008511789143085, 0.0002740405034273863, 0.00040799585985951126, 0.0005419512162916362, 0.0006759065436199307, 0.0008098619291558862, 0.0009438173146918416, 0.0010777725838124752, 0.0012117279693484306, 0.001345683354884386, 0.0014796387404203415, 0.001613594125956297, 0.0017475493950769305, 0.001881504780612886, 0.002015460282564163, 0.002149415435269475, 0.0022833708208054304, 0.002417326206341386, 0.0025512815918773413, 0.0026852369774132967, 0.002819192362949252, 0.002953147515654564, 0.0030871029011905193, 0.0032210582867264748, 0.00335501367226243, 0.0034889690577983856]}, "gradients/conv2.0.bias": {"_type": "histogram", "values": [2.0, 0.0, 0.0, 0.0, 0.0, 0.0, 0.0, 0.0, 0.0, 0.0, 0.0, 0.0, 0.0, 0.0, 0.0, 0.0, 0.0, 0.0, 0.0, 0.0, 0.0, 0.0, 0.0, 0.0, 0.0, 0.0, 0.0, 0.0, 0.0, 1.0, 0.0, 0.0, 0.0, 0.0, 0.0, 0.0, 0.0, 0.0, 0.0, 0.0, 0.0, 27.0, 0.0, 0.0, 0.0, 0.0, 0.0, 0.0, 1.0, 0.0, 0.0, 0.0, 0.0, 0.0, 0.0, 0.0, 0.0, 0.0, 0.0, 0.0, 0.0, 0.0, 0.0, 1.0], "bins": [-0.004127101041376591, -0.004027477465569973, -0.003927853889763355, -0.0038282303139567375, -0.0037286067381501198, -0.003628983162343502, -0.0035293595865368843, -0.0034297360107302666, -0.003330112434923649, -0.003230488859117031, -0.0031308652833104134, -0.0030312417075037956, -0.002931618131697178, -0.00283199455589056, -0.0027323709800839424, -0.0026327474042773247, -0.002533123828470707, -0.002433500252664089, -0.0023338766768574715, -0.0022342531010508537, -0.002134629525244236, -0.0020350059494376183, -0.0019353823736310005, -0.0018357587978243828, -0.001736135222017765, -0.0016365116462111473, -0.0015368880704045296, -0.0014372644945979118, -0.001337640918791294, -0.0012380173429846764, -0.0011383937671780586, -0.0010387701913714409, -0.0009391468483954668, -0.0008395232725888491, -0.0007398996967822313, -0.0006402761209756136, -0.0005406525451689959, -0.0004410289693623781, -0.0003414053935557604, -0.00024178181774914265, -0.0001421582419425249, -4.253466613590717e-05, 5.7088909670710564e-05, 0.0001567124854773283, 0.00025633606128394604, 0.0003559596370905638, 0.0004555832128971815, 0.0005552067887037992, 0.000654830364510417, 0.0007544539403170347, 0.0008540775161236525, 0.0009537010919302702, 0.001053324667736888, 0.0011529482435435057, 0.0012525718193501234, 0.0013521953951567411, 0.0014518189709633589, 0.0015514425467699766, 0.0016510661225765944, 0.001750689698383212, 0.0018503132741898298, 0.0019499368499964476, 0.0020495604258030653, 0.002149184001609683, 0.0022488075774163008]}, "gradients/conv1.0.weight": {"_type": "histogram",