{"loss": 0.03324003517627716, "_runtime": 49, "_timestamp": 1641463194, "_step": 44, "test_loss": 27.194328792393208, "accuracy": 70.765625, "gradients/out.bias": {"_type": "histogram", "values": [1.0, 0.0, 0.0, 0.0, 0.0, 0.0, 0.0, 0.0, 0.0, 0.0, 0.0, 0.0, 0.0, 0.0, 0.0, 0.0, 0.0, 0.0, 0.0, 0.0, 0.0, 0.0, 0.0, 0.0, 1.0, 1.0, 2.0, 0.0, 0.0, 0.0, 0.0, 0.0, 0.0, 0.0, 0.0, 0.0, 1.0, 0.0, 1.0, 0.0, 0.0, 0.0, 0.0, 0.0, 0.0, 0.0, 0.0, 0.0, 0.0, 0.0, 0.0, 0.0, 0.0, 0.0, 0.0, 0.0, 0.0, 1.0, 0.0, 1.0, 0.0, 0.0, 0.0, 1.0], "bins": [-0.009553362615406513, -0.009288011118769646, -0.009022659622132778, -0.00875730812549591, -0.008491956628859043, -0.008226605132222176, -0.007961253635585308, -0.0076959021389484406, -0.007430550642311573, -0.0071651991456747055, -0.006899847649037838, -0.0066344961524009705, -0.006369144655764103, -0.006103793159127235, -0.005838441662490368, -0.0055730901658535, -0.00530773913487792, -0.005042387638241053, -0.004777036141604185, -0.004511684644967318, -0.00424633314833045, -0.0039809816516935825, -0.0037156303878873587, -0.003450278891250491, -0.0031849276274442673, -0.0029195761308073997, -0.0026542246341705322, -0.0023888731375336647, -0.002123521640896797, -0.0018581702606752515, -0.0015928188804537058, -0.0013274673838168383, -0.0010621161200106144, -0.0007967646233737469, -0.0005314131849445403, -0.00026606174651533365, -7.102498784661293e-07, 0.0002646412467584014, 0.0005299926269799471, 0.0007953441236168146, 0.0010606958530843258, 0.0013260473497211933, 0.0015913988463580608, 0.0018567502265796065, 0.002122101839631796, 0.0023874533362686634, 0.0026528046000748873, 0.002918156096711755, 0.0031835073605179787, 0.003448858857154846, 0.0037142103537917137, 0.003979561850428581, 0.004244913347065449, 0.004510264843702316, 0.004775616340339184, 0.005040967836976051, 0.005306319333612919, 0.005571670830249786, 0.005837022326886654, 0.006102373823523521, 0.006367725320160389, 0.0066330768167972565, 0.006898428313434124, 0.0071637798100709915, 0.007429130841046572]}, "gradients/out.weight": {"_type": "histogram", "values": [1.0, 1.0, 0.0, 1.0, 1.0, 1.0, 2.0, 0.0, 0.0, 0.0, 1.0, 4.0, 1.0, 1.0, 3.0, 7.0, 0.0, 6.0, 5.0, 9.0, 5.0, 10.0, 8.0, 10.0, 17.0, 25.0, 24.0, 37.0, 38.0, 42.0, 71.0, 109.0, 215.0, 14451.0, 196.0, 87.0, 59.0, 32.0, 41.0, 35.0, 33.0, 11.0, 15.0, 7.0, 11.0, 7.0, 5.0, 3.0, 8.0, 3.0, 2.0, 4.0, 3.0, 0.0, 1.0, 4.0, 0.0, 0.0, 1.0, 2.0, 1.0, 1.0, 0.0, 2.0], "bins": [-0.04141530022025108, -0.04017149657011032, -0.03892769291996956, -0.037683889269828796, -0.036440085619688034, -0.03519628196954727, -0.03395247831940651, -0.03270867466926575, -0.031464871019124985, -0.030221067368984222, -0.02897726371884346, -0.027733460068702698, -0.026489656418561935, -0.025245852768421173, -0.02400204911828041, -0.02275824546813965, -0.021514441817998886, -0.020270638167858124, -0.01902683451771736, -0.0177830308675766, -0.016539227217435837, -0.015295423567295074, -0.014051619917154312, -0.01280781626701355, -0.011564012616872787, -0.010320208966732025, -0.009076405316591263, -0.0078326016664505, -0.006588798016309738, -0.005344994366168976, -0.0041011907160282135, -0.002857387065887451, -0.0016135834157466888, -0.0003697797656059265, 0.0008740238845348358, 0.002117827534675598, 0.0033616311848163605, 0.004605434834957123, 0.005849238485097885, 0.0070930421352386475, 0.00833684578537941, 0.009580649435520172, 0.010824453085660934, 0.012068256735801697, 0.013312060385942459, 0.014555864036083221, 0.015799667686223984, 0.017043471336364746, 0.01828727498650551, 0.01953107863664627, 0.020774882286787033, 0.022018685936927795, 0.023262489587068558, 0.02450629323720932, 0.025750096887350082, 0.026993900537490845, 0.028237704187631607, 0.02948150783777237, 0.03072531148791313, 0.031969115138053894, 0.033212918788194656, 0.03445672243833542, 0.03570052608847618, 0.03694432973861694, 0.038188133388757706]}, "gradients/conv2.0.weight": {"_type": "histogram", "values": [1.0, 0.0, 0.0, 1.0, 5.0, 1.0, 1.0, 3.0, 1.0, 1.0, 0.0, 0.0, 4.0, 3.0, 4.0, 7.0, 3.0, 1.0, 5.0, 11.0, 12.0, 10.0, 16.0, 14.0, 23.0, 21.0, 39.0, 40.0, 59.0, 61.0, 99.0, 164.0, 183.0, 317.0, 578.0, 9813.0, 431.0, 248.0, 152.0, 125.0, 90.0, 56.0, 39.0, 33.0, 28.0, 20.0, 12.0, 15.0, 5.0, 9.0, 9.0, 4.0, 4.0, 2.0, 1.0, 1.0, 2.0, 2.0, 0.0, 4.0, 2.0, 4.0, 0.0, 1.0], "bins": [-0.017845815047621727, -0.01734287478029728, -0.016839932650327682, -0.016336992383003235, -0.015834050253033638, -0.015331109054386616, -0.014828167855739594, -0.014325227588415146, -0.013822285458445549, -0.013319344259798527, -0.012816403061151505, -0.012313461862504482, -0.01181052066385746, -0.011307579465210438, -0.010804638266563416, -0.010301697999238968, -0.009798756800591946, -0.009295815601944923, -0.008792874403297901, -0.008289933204650879, -0.007786992006003857, -0.007284050807356834, -0.0067811100743710995, -0.006278168875724077, -0.005775228142738342, -0.00527228694409132, -0.004769345745444298, -0.0042664045467972755, -0.003763463580980897, -0.0032605223823338747, -0.002757581416517496, -0.002254640217870474, -0.0017516976222395897, -0.0012487564235925674, -0.000745815341360867, -0.0002428742591291666, 0.00026006693951785564, 0.0007630081381648779, 0.0012659491039812565, 0.0017688903026282787, 0.0022718319669365883, 0.0027747731655836105, 0.0032777143642306328, 0.0037806553300470114, 0.004283596761524677, 0.0047865379601716995, 0.0052894786931574345, 0.005792419891804457, 0.006295360624790192, 0.006798301823437214, 0.007301243022084236, 0.007804184220731258, 0.00830712541937828, 0.008810066618025303, 0.009313007816672325, 0.009815948083996773, 0.01031889021396637, 0.010821831412613392, 0.011324772611260414, 0.011827713809907436, 0.012330655008554459, 0.01283359620720148, 0.013336537405848503, 0.01383947767317295, 0.014342418871819973]}, "gradients/conv2.0.bias": {"_type": "histogram", "values": [1.0, 0.0, 0.0, 0.0, 0.0, 0.0, 0.0, 0.0, 0.0, 0.0, 0.0, 0.0, 0.0, 0.0, 0.0, 0.0, 0.0, 0.0, 0.0, 0.0, 0.0, 1.0, 0.0, 0.0, 1.0, 0.0, 2.0, 0.0, 0.0, 0.0, 0.0, 0.0, 0.0, 0.0, 22.0, 1.0, 0.0, 0.0, 2.0, 1.0, 0.0, 0.0, 0.0, 0.0, 0.0, 0.0, 0.0, 0.0, 0.0, 0.0, 0.0, 0.0, 0.0, 0.0, 0.0, 0.0, 0.0, 0.0, 0.0, 0.0, 0.0, 0.0, 0.0, 1.0], "bins": [-0.019592156633734703, -0.019026607275009155, -0.018461057916283607, -0.01789551042020321, -0.01732996106147766, -0.016764411702752113, -0.016198862344026566, -0.015633312985301018, -0.015067764557898045, -0.014502215199172497, -0.013936666771769524, -0.013371117413043976, -0.012805568054318428, -0.012240019626915455, -0.011674470268189907, -0.011108921840786934, -0.010543372482061386, -0.009977823123335838, -0.009412274695932865, -0.008846725337207317, -0.008281176909804344, -0.007715627551078796, -0.007150078192353249, -0.006584529299288988, -0.006018980406224728, -0.005453431513160467, -0.004887882620096207, -0.004322333261370659, -0.0037567843683063984, -0.003191235475242138, -0.0026256863493472338, -0.0020601372234523296, -0.0014945901930332184, -0.0009290411835536361, -0.00036349217407405376, 0.00020205683540552855, 0.0007676058448851109, 0.0013331547379493713, 0.0018987038638442755, 0.0024642529897391796, 0.00302980188280344, 0.0035953507758677006, 0.004160899668931961, 0.004726449027657509, 0.005291997920721769, 0.00585754681378603, 0.006423096172511578, 0.006988645065575838, 0.007554193958640099, 0.008119743317365646, 0.00868529174476862, 0.009250841103494167, 0.00981638953089714, 0.010381938889622688, 0.010947488248348236, 0.011513037607073784, 0.012078586034476757, 0.012644135393202305, 0.013209683820605278, 0.013775233179330826, 0.014340782538056374, 0.014906330965459347, 0.015471880324184895, 0.016037428751587868, 0.016602978110313416]}, "gradients/conv1.0.weight": {"_type": "histogram",