{"loss": 0.013070758432149887, "_runtime": 51, "_timestamp": 1641462686, "_step": 14, "gradients/out.bias": {"_type": "histogram", "values": [1.0, 0.0, 0.0, 0.0, 0.0, 0.0, 0.0, 0.0, 0.0, 0.0, 0.0, 0.0, 0.0, 0.0, 0.0, 0.0, 0.0, 0.0, 0.0, 0.0, 0.0, 0.0, 0.0, 1.0, 0.0, 0.0, 0.0, 0.0, 1.0, 0.0, 0.0, 0.0, 1.0, 0.0, 1.0, 1.0, 0.0, 0.0, 1.0, 1.0, 0.0, 0.0, 0.0, 0.0, 0.0, 1.0, 0.0, 0.0, 0.0, 0.0, 0.0, 0.0, 0.0, 0.0, 0.0, 0.0, 0.0, 0.0, 0.0, 0.0, 0.0, 0.0, 0.0, 1.0], "bins": [-0.006913020275533199, -0.006711174733936787, -0.006509328726679087, -0.006307483185082674, -0.006105637177824974, -0.005903791636228561, -0.005701946094632149, -0.005500100087374449, -0.005298254080116749, -0.005096408538520336, -0.004894562531262636, -0.0046927169896662235, -0.0044908709824085236, -0.004289025440812111, -0.004087179899215698, -0.0038853338919579983, -0.0036834883503615856, -0.0034816425759345293, -0.003279796801507473, -0.0030779512599110603, -0.0028761052526533604, -0.0026742597110569477, -0.0024724139366298914, -0.002270568162202835, -0.0020687226206064224, -0.0018668768461793661, -0.0016650310717523098, -0.0014631854137405753, -0.001261339639313519, -0.0010594938648864627, -0.0008576482068747282, -0.0006558024324476719, -0.0004539559595286846, -0.00025211021420545876, -5.0264468882232904e-05, 0.0001515812473371625, 0.0003534270217642188, 0.0005552727961912751, 0.0007571184542030096, 0.0009589642286300659, 0.0011608102358877659, 0.0013626560103148222, 0.0015645017847418785, 0.001766347442753613, 0.001968193333595991, 0.002170038875192404, 0.00237188464961946, 0.0025737304240465164, 0.002775575965642929, 0.0029774217400699854, 0.0031792675144970417, 0.0033811130560934544, 0.0035829590633511543, 0.003784804604947567, 0.00398665014654398, 0.00418849615380168, 0.00439034216105938, 0.004592187702655792, 0.004794033709913492, 0.004995879251509905, 0.005197725258767605, 0.0053995708003640175, 0.00560141634196043, 0.00580326234921813, 0.006005107890814543]}, "gradients/out.weight": {"_type": "histogram", "values": [1.0, 1.0, 1.0, 0.0, 0.0, 0.0, 1.0, 1.0, 3.0, 1.0, 2.0, 2.0, 1.0, 2.0, 0.0, 1.0, 3.0, 4.0, 2.0, 6.0, 3.0, 4.0, 2.0, 4.0, 6.0, 6.0, 10.0, 10.0, 15.0, 24.0, 22.0, 30.0, 54.0, 110.0, 15028.0, 114.0, 60.0, 39.0, 20.0, 15.0, 12.0, 9.0, 7.0, 6.0, 1.0, 2.0, 3.0, 8.0, 1.0, 4.0, 3.0, 0.0, 2.0, 1.0, 2.0, 3.0, 2.0, 2.0, 0.0, 1.0, 0.0, 0.0, 1.0, 2.0], "bins": [-0.018145158886909485, -0.017614617943763733, -0.01708407513797283, -0.01655353419482708, -0.01602299138903618, -0.015492450445890427, -0.0149619085714221, -0.014431366696953773, -0.013900824822485447, -0.01337028294801712, -0.012839741073548794, -0.012309199199080467, -0.011778658255934715, -0.011248115450143814, -0.010717574506998062, -0.010187032632529736, -0.009656490758061409, -0.009125948883593082, -0.008595407009124756, -0.00806486513465643, -0.00753432372584939, -0.0070037818513810635, -0.006473240442574024, -0.005942698568105698, -0.005412156693637371, -0.0048816148191690445, -0.004351072944700718, -0.0038205315358936787, -0.003289989661425352, -0.0027594477869570255, -0.0022289061453193426, -0.0016983645036816597, -0.001167820766568184, -0.0006372790085151792, -0.00010673725046217442, 0.0004238045075908303, 0.0009543462656438351, 0.0014848881401121616, 0.0020154297817498446, 0.0025459714233875275, 0.003076513297855854, 0.0036070551723241806, 0.004137597046792507, 0.004668138455599546, 0.005198680330067873, 0.0057292222045362, 0.006259763613343239, 0.006790305487811565, 0.007320847362279892, 0.007851389236748219, 0.008381931111216545, 0.008912472985684872, 0.009443014860153198, 0.00997355580329895, 0.010504097677767277, 0.011034639552235603, 0.01156518142670393, 0.012095723301172256, 0.012626265175640583, 0.01315680705010891, 0.013687347993254662, 0.014217890799045563, 0.014748431742191315, 0.015278973616659641, 0.015809515491127968]}, "gradients/conv2.0.weight": {"_type": "histogram", "values": [1.0, 2.0, 1.0, 0.0, 3.0, 0.0, 0.0, 1.0, 2.0, 0.0, 3.0, 2.0, 3.0, 3.0, 4.0, 3.0, 1.0, 1.0, 7.0, 4.0, 3.0, 5.0, 7.0, 1.0, 8.0, 11.0, 18.0, 15.0, 20.0, 19.0, 24.0, 24.0, 37.0, 52.0, 72.0, 103.0, 263.0, 11661.0, 128.0, 65.0, 54.0, 37.0, 26.0, 21.0, 15.0, 20.0, 6.0, 5.0, 4.0, 6.0, 3.0, 0.0, 6.0, 2.0, 3.0, 4.0, 3.0, 3.0, 2.0, 0.0, 2.0, 0.0, 0.0, 1.0], "bins": [-0.014692511409521103, -0.014298398979008198, -0.013904285617172718, -0.013510173186659813, -0.013116060756146908, -0.012721948325634003, -0.012327834963798523, -0.011933722533285618, -0.011539610102772713, -0.011145497672259808, -0.010751384310424328, -0.010357271879911423, -0.009963159449398518, -0.009569047018885612, -0.009174933657050133, -0.008780821226537228, -0.008386707864701748, -0.007992595434188843, -0.00759848253801465, -0.007204369641840458, -0.006810257211327553, -0.00641614431515336, -0.006022031418979168, -0.005627918988466263, -0.005233805626630783, -0.004839692730456591, -0.0044455802999436855, -0.004051467403769493, -0.0036573547404259443, -0.0032632420770823956, -0.002869129180908203, -0.0024750165175646544, -0.002080904319882393, -0.0016867916565388441, -0.0012926788767799735, -0.0008985660970211029, -0.0005044534336775541, -0.00011034077033400536, 0.00028377212584018707, 0.0006778847891837358, 0.0010719969868659973, 0.001466109650209546, 0.0018602224299684167, 0.0022543352097272873, 0.002648447873070836, 0.003042560536414385, 0.0034366734325885773, 0.003830786095932126, 0.004224899224936962, 0.0046190121211111546, 0.00501312455162406, 0.005407237447798252, 0.005801349878311157, 0.00619546277448535, 0.006589575670659542, 0.006983688101172447, 0.00737780099734664, 0.007771913893520832, 0.008166026324033737, 0.008560139685869217, 0.008954252116382122, 0.009348364546895027, 0.009742477908730507, 0.010136590339243412, 0.010530702769756317]}, "gradients/conv2.0.bias": {"_type": "histogram", "values": [1.0, 0.0, 0.0, 0.0, 1.0, 0.0, 0.0, 0.0, 0.0, 0.0, 0.0, 0.0, 0.0, 0.0, 0.0, 0.0, 0.0, 0.0, 0.0, 0.0, 0.0, 0.0, 0.0, 0.0, 0.0, 0.0, 0.0, 0.0, 0.0, 0.0, 0.0, 0.0, 0.0, 0.0, 0.0, 0.0, 1.0, 0.0, 0.0, 0.0, 0.0, 0.0, 27.0, 0.0, 1.0, 0.0, 0.0, 0.0, 0.0, 0.0, 0.0, 0.0, 0.0, 0.0, 0.0, 0.0, 0.0, 0.0, 0.0, 0.0, 0.0, 0.0, 0.0, 1.0], "bins": [-0.019662488251924515, -0.01920136995613575, -0.018740253522992134, -0.01827913522720337, -0.017818018794059753, -0.01735690049827099, -0.016895782202482224, -0.016434665769338608, -0.015973547473549843, -0.015512430109083652, -0.015051312744617462, -0.014590194448828697, -0.014129077084362507, -0.013667959719896317, -0.013206842355430126, -0.012745724990963936, -0.01228460855782032, -0.01182349119335413, -0.01136237382888794, -0.010901255533099174, -0.010440138168632984, -0.009979020804166794, -0.009517903439700603, -0.009056786075234413, -0.008595667779445648, -0.008134550414979458, -0.00767343258485198, -0.00721231522038579, -0.0067511978559195995, -0.006290080025792122, -0.0058289626613259315, -0.005367845296859741, -0.004906727932393551, -0.0044456105679273605, -0.003984492737799883, -0.0035233753733336926, -0.003062258008867502, -0.0026011404115706682, -0.0021400228142738342, -0.0016789054498076439, -0.0012177880853414536, -0.0007566706044599414, -0.0002955530653707683, 0.00016556447371840477, 0.0006266819545999169, 0.001087799435481429, 0.001548917032778263, 0.0020100343972444534, 0.002471152227371931, 0.002932269824668765, 0.0033933871891349554, 0.0038545047864317894, 0.00431562215089798, 0.00477673951536417, 0.005237857345491648, 0.005698974709957838, 0.006160092540085316, 0.006621209904551506, 0.007082327734678984, 0.007543445099145174, 0.008004562929272652, 0.008465680293738842, 0.008926797658205032, 0.009387915022671223, 0.009849032387137413]}, "gradients/conv1.0.weight": {"_type": "histogram",