{"loss": 0.10699286311864853, "_runtime": 36, "_timestamp": 1641808364, "_step": 59, "training_loss": 0.08217777288518846, "test_loss": 0.5189973451315036, "accuracy": 0.8854826092720032, "gradients/out.bias": {"_type": "histogram", "values": [1.0, 0.0, 1.0, 0.0, 0.0, 0.0, 0.0, 0.0, 0.0, 0.0, 0.0, 0.0, 1.0, 0.0, 0.0, 0.0, 1.0, 0.0, 0.0, 0.0, 0.0, 0.0, 0.0, 1.0, 2.0, 0.0, 0.0, 0.0, 0.0, 0.0, 0.0, 0.0, 1.0, 1.0, 0.0, 0.0, 0.0, 0.0, 0.0, 0.0, 0.0, 0.0, 0.0, 0.0, 0.0, 0.0, 0.0, 0.0, 0.0, 0.0, 0.0, 0.0, 0.0, 0.0, 0.0, 0.0, 0.0, 0.0, 0.0, 0.0, 0.0, 0.0, 0.0, 1.0], "bins": [-0.013155917637050152, -0.012592393904924393, -0.012028871104121208, -0.011465347371995449, -0.010901824571192265, -0.010338300839066505, -0.009774778038263321, -0.009211254306137562, -0.008647730574011803, -0.008084206841886044, -0.007520684041082859, -0.0069571603089571, -0.006393637508153915, -0.005830113776028156, -0.0052665905095636845, -0.004703067243099213, -0.004139544442296028, -0.0035760211758315563, -0.0030124979093670845, -0.002448974410071969, -0.0018854511436074972, -0.0013219278771430254, -0.0007584043778479099, -0.0001948811113834381, 0.000368642620742321, 0.0009321659454144537, 0.0014956892700865865, 0.00205921265296638, 0.002622735919430852, 0.0031862591858953238, 0.0037497826851904392, 0.004313305951654911, 0.00487682968378067, 0.005440352950245142, 0.006003876216709614, 0.006567399948835373, 0.0071309227496385574, 0.0076944464817643166, 0.008257970213890076, 0.00882149301469326, 0.009385015815496445, 0.009948539547622204, 0.010512062348425388, 0.011075586080551147, 0.011639108881354332, 0.012202632613480091, 0.01276615634560585, 0.013329679146409035, 0.013893202878534794, 0.014456726610660553, 0.015020249411463737, 0.015583773143589497, 0.016147296875715256, 0.01671081967651844, 0.017274342477321625, 0.01783786714076996, 0.018401389941573143, 0.018964912742376328, 0.01952843740582466, 0.020091960206627846, 0.02065548300743103, 0.021219005808234215, 0.02178253047168255, 0.022346053272485733, 0.022909576073288918]}, "gradients/out.weight": {"_type": "histogram", "values": [1.0, 0.0, 0.0, 0.0, 0.0, 4.0, 0.0, 0.0, 1.0, 0.0, 1.0, 4.0, 3.0, 9.0, 1.0, 1.0, 2.0, 9.0, 9.0, 14.0, 12.0, 18.0, 20.0, 21.0, 24.0, 25.0, 40.0, 24.0, 44.0, 62.0, 97.0, 14634.0, 216.0, 67.0, 62.0, 31.0, 50.0, 31.0, 19.0, 21.0, 19.0, 19.0, 9.0, 11.0, 8.0, 6.0, 6.0, 2.0, 1.0, 3.0, 3.0, 2.0, 0.0, 2.0, 3.0, 2.0, 0.0, 1.0, 2.0, 1.0, 1.0, 1.0, 0.0, 1.0], "bins": [-0.055521972477436066, -0.05377030000090599, -0.052018627524375916, -0.05026695504784584, -0.048515282571315765, -0.04676360636949539, -0.04501193389296532, -0.04326026141643524, -0.04150858893990517, -0.03975691646337509, -0.038005243986845016, -0.03625357151031494, -0.03450189530849457, -0.03275022655725479, -0.030998550355434418, -0.029246877878904343, -0.027495205402374268, -0.025743532925844193, -0.023991860449314117, -0.022240186110138893, -0.020488513633608818, -0.018736841157078743, -0.01698516681790352, -0.015233494341373444, -0.013481821864843369, -0.011730149388313293, -0.009978475980460644, -0.008226802572607994, -0.006475130096077919, -0.004723457619547844, -0.0029717842116951942, -0.0012201108038425446, 0.0005315616726875305, 0.002283234614878893, 0.004034907557070255, 0.005786580499261618, 0.00753825344145298, 0.009289925917983055, 0.011041599325835705, 0.012793272733688354, 0.01454494521021843, 0.016296617686748505, 0.01804829016327858, 0.019799964502453804, 0.02155163697898388, 0.023303309455513954, 0.02505498379468918, 0.026806656271219254, 0.02855832874774933, 0.030310001224279404, 0.03206167370080948, 0.033813346177339554, 0.03556501865386963, 0.03731669485569, 0.03906836733222008, 0.04082003980875015, 0.04257171228528023, 0.0443233847618103, 0.04607505723834038, 0.04782672971487045, 0.049578405916690826, 0.0513300746679306, 0.05308175086975098, 0.05483342334628105, 0.05658509582281113]}, "gradients/conv2.0.weight": {"_type": "histogram", "values": [1.0, 0.0, 0.0, 0.0, 0.0, 0.0, 0.0, 0.0, 0.0, 0.0, 0.0, 0.0, 1.0, 0.0, 0.0, 0.0, 0.0, 1.0, 0.0, 1.0, 5.0, 1.0, 1.0, 4.0, 10.0, 4.0, 16.0, 15.0, 13.0, 33.0, 36.0, 46.0, 66.0, 84.0, 115.0, 199.0, 345.0, 10830.0, 380.0, 178.0, 117.0, 82.0, 64.0, 42.0, 27.0, 20.0, 13.0, 15.0, 7.0, 6.0, 5.0, 1.0, 4.0, 4.0, 1.0, 2.0, 1.0, 1.0, 1.0, 1.0, 0.0, 0.0, 0.0, 1.0], "bins": [-0.07228393107652664, -0.07036318629980087, -0.0684424415230751, -0.06652170419692993, -0.06460095942020416, -0.0626802146434784, -0.060759469866752625, -0.058838728815317154, -0.05691798776388168, -0.054997242987155914, -0.053076501935720444, -0.051155757158994675, -0.049235016107559204, -0.047314271330833435, -0.045393526554107666, -0.043472785502672195, -0.041552040725946426, -0.03963129594922066, -0.03771055489778519, -0.03578981012105942, -0.03386906906962395, -0.03194832429289818, -0.03002758137881756, -0.02810683846473694, -0.02618609368801117, -0.02426535077393055, -0.02234460785984993, -0.02042386308312416, -0.01850312203168869, -0.01658237725496292, -0.014661634340882301, -0.012740891426801682, -0.01082015410065651, -0.00889941118657589, -0.0069786678068339825, -0.005057924427092075, -0.0031371815130114555, -0.0012164385989308357, 0.0007043052464723587, 0.0026250481605529785, 0.004545789211988449, 0.006466532126069069, 0.008387275040149689, 0.010308018885552883, 0.012228761799633503, 0.014149504713714123, 0.016070248559117317, 0.017990991473197937, 0.019911736249923706, 0.021832479164004326, 0.023753222078084946, 0.025673966854810715, 0.027594707906246185, 0.029515452682971954, 0.03143619745969772, 0.033356938511133194, 0.035277679562568665, 0.037198424339294434, 0.039119165390729904, 0.04103991016745567, 0.042960651218891144, 0.04488139599561691, 0.04680214077234268, 0.04872288182377815, 0.05064362660050392]}, "gradients/conv2.0.bias": {"_type": "histogram", "values": [1.0, 0.0, 0.0, 0.0, 0.0, 0.0, 0.0, 0.0, 0.0, 0.0, 0.0, 0.0, 0.0, 0.0, 0.0, 0.0, 0.0, 0.0, 0.0, 0.0, 0.0, 0.0, 1.0, 0.0, 0.0, 0.0, 1.0, 1.0, 0.0, 0.0, 0.0, 0.0, 1.0, 0.0, 0.0, 22.0, 0.0, 2.0, 0.0, 0.0, 0.0, 0.0, 0.0, 0.0, 0.0, 0.0, 0.0, 0.0, 1.0, 0.0, 0.0, 0.0, 1.0, 0.0, 0.0, 0.0, 0.0, 0.0, 0.0, 0.0, 0.0, 0.0, 0.0, 1.0], "bins": [-0.060411084443330765, -0.058714039623737335, -0.057016998529434204, -0.055319953709840775, -0.053622908890247345, -0.051925864070653915, -0.050228819251060486, -0.048531778156757355, -0.046834733337163925, -0.045137688517570496, -0.043440647423267365, -0.041743602603673935, -0.040046557784080505, -0.038349512964487076, -0.036652468144893646, -0.034955427050590515, -0.033258382230997086, -0.031561337411403656, -0.029864294454455376, -0.028167251497507095, -0.026470206677913666, -0.024773161858320236, -0.023076118901371956, -0.021379075944423676, -0.019682031124830246, -0.017984986305236816, -0.016287943348288536, -0.014590899460017681, -0.012893855571746826, -0.011196811683475971, -0.009499767795205116, -0.007802723906934261, -0.006105676293373108, -0.004408632405102253, -0.002711588516831398, -0.001014544628560543, 0.0006824992597103119, 0.002379543147981167, 0.004076587036252022, 0.005773630924522877, 0.007470674812793732, 0.009167718701064587, 0.010864762589335442, 0.012561806477606297, 0.014258850365877151, 0.01595589518547058, 0.01765293814241886, 0.01934998109936714, 0.02104702591896057, 0.022744070738554, 0.02444111369550228, 0.02613815665245056, 0.02783520147204399, 0.02953224629163742, 0.0312292892485857, 0.03292633220553398, 0.03462337702512741, 0.03632042184472084, 0.03801746666431427, 0.0397145077586174, 0.04141155257821083, 0.04310859739780426, 0.04480563849210739, 0.04650268331170082, 0.04819972813129425]}, "gradients/conv1.0.weight": {"_type": "histogram", "values": [1.0, 1.0, 0.0, 0.0, 0.0, 0.0, 0.0, 1.0, 0.0, 0.0, 2.0, 0.0, 0.0, 0.0, 2.0, 6.0, 2.0, 3.0, 1.0, 3.0, 4.0, 5.0, 7.0, 8.0, 9.0, 8.0, 14.0, 22.0, 49.0, 121.0, 26.0, 20.0, 8.0, 12.0, 7.0, 4.0, 4.0, 3.0, 6.0, 3.0, 3.0, 1.0, 3.0, 2.0, 4.0, 4.0, 0.0, 2.0, 2.0, 1.0, 0.0, 3.0, 1.0, 1.0, 3.0, 0.0, 2.0, 0.0, 0.0, 0.0, 0.0, 1.0, 4.0, 1.0],