{"loss": 0.05076541006565094, "_runtime": 36, "_timestamp": 1641808211, "_step": 59, "training_loss": 0.05262434463948011, "test_loss": 0.3745087376925387, "accuracy": 0.9084256291389465, "gradients/out.bias": {"_type": "histogram", "values": [1.0, 0.0, 0.0, 0.0, 0.0, 0.0, 0.0, 0.0, 0.0, 0.0, 0.0, 0.0, 0.0, 0.0, 0.0, 1.0, 0.0, 0.0, 0.0, 0.0, 0.0, 0.0, 1.0, 0.0, 0.0, 0.0, 0.0, 0.0, 3.0, 0.0, 0.0, 2.0, 0.0, 0.0, 0.0, 0.0, 0.0, 1.0, 0.0, 0.0, 0.0, 0.0, 0.0, 0.0, 0.0, 0.0, 0.0, 0.0, 0.0, 0.0, 0.0, 0.0, 0.0, 0.0, 0.0, 0.0, 0.0, 0.0, 0.0, 0.0, 0.0, 0.0, 0.0, 1.0], "bins": [-0.017561810091137886, -0.016950128600001335, -0.016338448971509933, -0.015726767480373383, -0.015115086920559406, -0.01450340636074543, -0.013891724869608879, -0.013280044309794903, -0.012668363749980927, -0.01205668319016695, -0.011445002630352974, -0.010833321139216423, -0.010221640579402447, -0.00960996001958847, -0.00899827852845192, -0.008386597968637943, -0.007774917408823967, -0.007163236849009991, -0.006551555823534727, -0.0059398747980594635, -0.005328194238245487, -0.004716513678431511, -0.004104832652956247, -0.0034931516274809837, -0.0028814710676670074, -0.0022697902750223875, -0.0016581094823777676, -0.0010464286897331476, -0.0004347478970885277, 0.00017693289555609226, 0.0007886136882007122, 0.0014002947136759758, 0.0020119771361351013, 0.0026236579287797213, 0.003235338721424341, 0.003847019514068961, 0.004458700306713581, 0.005070380866527557, 0.005682061892002821, 0.0062937429174780846, 0.006905423477292061, 0.007517104037106037, 0.008128784596920013, 0.008740466088056564, 0.00935214664787054, 0.009963827207684517, 0.010575508698821068, 0.011187189258635044, 0.01179886981844902, 0.012410550378262997, 0.013022230938076973, 0.013633912429213524, 0.0142455929890275, 0.014857273548841476, 0.015468955039978027, 0.016080636531114578, 0.01669231615960598, 0.01730399765074253, 0.017915677279233932, 0.018527358770370483, 0.019139040261507034, 0.019750719889998436, 0.020362401381134987, 0.02097408100962639, 0.02158576250076294]}, "gradients/out.weight": {"_type": "histogram", "values": [1.0, 1.0, 0.0, 0.0, 3.0, 1.0, 2.0, 2.0, 1.0, 2.0, 0.0, 0.0, 3.0, 2.0, 3.0, 3.0, 5.0, 4.0, 5.0, 5.0, 11.0, 8.0, 20.0, 19.0, 27.0, 42.0, 39.0, 62.0, 103.0, 14838.0, 191.0, 78.0, 54.0, 27.0, 22.0, 21.0, 14.0, 9.0, 10.0, 4.0, 4.0, 3.0, 4.0, 4.0, 1.0, 0.0, 3.0, 3.0, 0.0, 1.0, 2.0, 1.0, 3.0, 0.0, 1.0, 2.0, 0.0, 2.0, 0.0, 0.0, 2.0, 0.0, 1.0, 1.0], "bins": [-0.04502629116177559, -0.043505921959877014, -0.04198555275797844, -0.040465183556079865, -0.03894481435418129, -0.037424445152282715, -0.03590407967567444, -0.034383706748485565, -0.03286334127187729, -0.031342972069978714, -0.02982260286808014, -0.028302233666181564, -0.02678186446428299, -0.025261495262384415, -0.02374112792313099, -0.022220758721232414, -0.02070038765668869, -0.019180018454790115, -0.01765964925289154, -0.016139280050992966, -0.014618911780416965, -0.01309854257851839, -0.01157817430794239, -0.010057805106043816, -0.00853743776679039, -0.007017068564891815, -0.005496699828654528, -0.00397633109241724, -0.0024559618905186653, -0.0009355926886200905, 0.0005847755819559097, 0.0021051447838544846, 0.003625519573688507, 0.005145888775587082, 0.006666257511824369, 0.008186626248061657, 0.009706995449960232, 0.011227364651858807, 0.012747732922434807, 0.014268102124333382, 0.015788473188877106, 0.01730884239077568, 0.018829211592674255, 0.02034958079457283, 0.021869949996471405, 0.02339031919836998, 0.024910686537623405, 0.02643105573952198, 0.027951423078775406, 0.02947179228067398, 0.030992161482572556, 0.03251253068447113, 0.034032899886369705, 0.03555326908826828, 0.037073634564876556, 0.03859400749206543, 0.040114372968673706, 0.04163474217057228, 0.043155111372470856, 0.04467548057436943, 0.046195849776268005, 0.04771621897816658, 0.049236588180065155, 0.05075695365667343, 0.052277326583862305]}, "gradients/conv2.0.weight": {"_type": "histogram", "values": [1.0, 0.0, 0.0, 1.0, 0.0, 1.0, 0.0, 1.0, 0.0, 0.0, 0.0, 0.0, 1.0, 1.0, 0.0, 3.0, 7.0, 5.0, 11.0, 7.0, 14.0, 15.0, 31.0, 43.0, 55.0, 60.0, 88.0, 158.0, 234.0, 551.0, 10813.0, 223.0, 154.0, 90.0, 55.0, 39.0, 30.0, 21.0, 13.0, 24.0, 7.0, 7.0, 11.0, 4.0, 1.0, 1.0, 3.0, 4.0, 1.0, 1.0, 1.0, 2.0, 3.0, 0.0, 0.0, 2.0, 0.0, 0.0, 0.0, 0.0, 0.0, 1.0, 0.0, 1.0], "bins": [-0.03394906595349312, -0.03282174840569496, -0.031694430857896805, -0.030567113310098648, -0.02943979576230049, -0.028312478214502335, -0.02718515880405903, -0.026057841256260872, -0.024930523708462715, -0.02380320616066456, -0.0226758886128664, -0.021548571065068245, -0.02042125165462494, -0.019293934106826782, -0.018166616559028625, -0.01703929901123047, -0.015911981463432312, -0.014784663915634155, -0.013657346367835999, -0.012530027888715267, -0.01140271034091711, -0.010275392793118954, -0.009148074313998222, -0.008020756766200066, -0.006893439218401909, -0.005766121670603752, -0.004638803657144308, -0.0035114858765155077, -0.0023841680958867073, -0.0012568505480885506, -0.00012953253462910652, 0.0009977854788303375, 0.002125099301338196, 0.003252417081966996, 0.004379734862595797, 0.005507052876055241, 0.006634370423853397, 0.007761687971651554, 0.008889006450772285, 0.010016323998570442, 0.011143641546368599, 0.012270959094166756, 0.013398276641964912, 0.014525595121085644, 0.015652913600206375, 0.016780231148004532, 0.01790754869580269, 0.019034866243600845, 0.020162183791399002, 0.02128950133919716, 0.022416818886995316, 0.023544136434793472, 0.02467145398259163, 0.025798771530389786, 0.026926090940833092, 0.02805340848863125, 0.029180726036429405, 0.030308043584227562, 0.03143536299467087, 0.032562680542469025, 0.03368999809026718, 0.03481731563806534, 0.035944633185863495, 0.03707195073366165, 0.03819926828145981]}, "gradients/conv2.0.bias": {"_type": "histogram", "values": [1.0, 0.0, 0.0, 0.0, 0.0, 0.0, 0.0, 0.0, 0.0, 0.0, 1.0, 0.0, 0.0, 0.0, 0.0, 0.0, 0.0, 0.0, 0.0, 0.0, 1.0, 0.0, 0.0, 1.0, 1.0, 0.0, 0.0, 0.0, 0.0, 0.0, 0.0, 0.0, 0.0, 0.0, 1.0, 22.0, 0.0, 1.0, 0.0, 0.0, 0.0, 0.0, 0.0, 0.0, 0.0, 0.0, 0.0, 0.0, 0.0, 1.0, 0.0, 0.0, 0.0, 0.0, 0.0, 0.0, 0.0, 0.0, 0.0, 0.0, 0.0, 0.0, 1.0, 1.0], "bins": [-0.04468034207820892, -0.04342317953705788, -0.04216601699590683, -0.04090885818004608, -0.039651695638895035, -0.03839453309774399, -0.03713737055659294, -0.035880208015441895, -0.034623049199581146, -0.0333658866584301, -0.03210872411727905, -0.030851563438773155, -0.029594402760267258, -0.02833724021911621, -0.027080077677965164, -0.025822915136814117, -0.02456575259566307, -0.023308590054512024, -0.022051429376006126, -0.02079426683485508, -0.019537106156349182, -0.018279943615198135, -0.01702278107404709, -0.015765618532896042, -0.014508457854390144, -0.013251296244561672, -0.0119941346347332, -0.010736972093582153, -0.009479810483753681, -0.008222648873925209, -0.00696548679843545, -0.00570832472294569, -0.004451163113117218, -0.0031940012704581022, -0.0019368394277989864, -0.0006796775851398706, 0.0005774842575192451, 0.0018346458673477173, 0.0030918079428374767, 0.004348970018327236, 0.005606131628155708, 0.0068632932379841805, 0.008120454847812653, 0.0093776173889637, 0.010634778998792171, 0.011891940608620644, 0.01314910314977169, 0.014406264759600163, 0.015663426369428635, 0.01692058891057968, 0.01817774958908558, 0.019434912130236626, 0.020692072808742523, 0.02194923534989357, 0.023206397891044617, 0.024463560432195663, 0.02572072111070156, 0.026977883651852608, 0.028235044330358505, 0.029492206871509552, 0.0307493694126606, 0.032006531953811646, 0.033263690769672394, 0.03452085331082344, 0.03577801585197449]}, "gradients/conv1.0.weight": {"_type": "histogram", "values": [1.0, 0.0, 0.0, 0.0, 0.0, 0.0, 0.0, 0.0, 0.0, 0.0, 1.0, 0.0, 1.0, 1.0, 0.0, 1.0, 2.0, 0.0, 2.0, 0.0, 2.0, 1.0, 5.0, 4.0, 2.0, 3.0, 8.0, 4.0, 6.0, 4.0, 14.0, 11.0, 12.0, 11.0, 30.0, 132.0, 29.0, 25.0, 14.0, 8.0, 15.0, 10.0, 7.0, 3.0, 2.0, 3.0, 2.0, 1.0, 3.0, 1.0, 3.0, 4.0, 2.0, 1.0, 1.0, 1.0, 0.0, 0.0, 3.0, 0.0, 0.0, 0.0, 1.0, 3.0],